Ime (ID),Zlato,Srebro,Bron,Skupaj
Piotr Zyla (POL),0,0,0,0
Coline Mattel (FRA),0,0,0,0
Severin Freund (GER),0,0,0,0
Sara Takanasi (UNK),0,0,0,0
Rune Velta (NOR),0,0,0,0
Juliane Seyfarth (GER),0,0,0,0
Daniel Tschofenig (AUT),0,0,0,0
Robert Kranjec (YUG),0,0,0,0
Jukija Sato (UNK),0,0,0,0
Andreas Wellinger (GER),0,0,0,0
Antti Aalto (UNK),0,0,0,0
Dzunsiro Kobajasi (UNK),0,0,0,0
Anette Sagen (NOR),0,0,0,0
Ulrike Graler (UNK),0,0,0,0
Julia Kykkanen (FIN),0,0,0,0
Lisa Demetz (UNK),0,0,0,0
Taylor Henrich (CAN),0,0,0,0
Jenny Rautionaho (FIN),0,0,0,0
Vladimir Zografski (BUL),0,0,0,0
Chiara Holzl (AUT),0,0,0,0
Gregor Deschwanden (SUI),0,0,0,0
Sarah Hendrickson (U.S),0,0,0,0
Stefan Kraft (AUT),0,0,0,0
Maximilian Ortner (UNK),0,0,0,0
Spela Rogelj (SLO),0,0,0,0
Maciej Kot (POL),0,0,0,0
Aleksander Zniszczo (UNK),0,0,0,0
Lukas Hlava (CZE),0,0,0,0
Simon Ammann (SUI),0,0,0,0
Ren Nikaido (JPN),0,0,0,0
Johann Andre Forfang (NOR),0,0,0,0
Andreas Wank (GER),0,0,0,0
Jernej Damjan (YUG),0,0,0,0
Tomofumi Naito (JPN),0,0,0,0
Bor Pavlovcic (SLO),0,0,0,0
Juki Ito (UNK),0,0,0,0
Noriaki Kasai (JPN),0,0,0,0
Taku Takeuci (UNK),0,0,0,0
Abigail Strate (CAN),0,0,0,0
Timi Zajc (SLO),0,0,0,0
Andrzej Stekaa (UNK),0,0,0,0
Roman Koudelka (UNK),0,0,0,0
Dawid Kubacki (POL),0,0,0,0
Lovro Kos (SLO),0,0,0,0
Anna Odine Strm (UNK),0,0,0,0
Julia Muhlbacher (UNK),0,0,0,0
Nika Prevc (SLO),0,0,0,0
Dimitrij Vasiljev (UNK),0,0,0,0
Carina Vogt (GER),0,0,0,0
Piotr Zya (UNK),0,0,0,0
Stephan Embacher (AUT),0,0,0,0
Svenja Wurth (GER),0,0,0,0
Nika Kriznar (SLO),0,0,0,0
Martin Koch (AUT),0,0,0,0
Kristoffer Eriksen Sundal (UNK),0,0,0,0
Eva Pinkelnig (AUT),0,0,0,0
Anders Bardal (NOR),0,0,0,0
Andreas Stjernen (NOR),0,0,0,0
Jonas Schuster (UNK),0,0,0,0
Markus Eisenbichler (GER),0,0,0,0
Manuel Fettner (AUT),0,0,0,0
Thea Minyan Bjrseth (UNK),0,0,0,0
Ramona Straub (GER),0,0,0,0
Marius Lindvik (NOR),0,0,0,0
Stephan Leyhe (GER),0,0,0,0
Anze Lanisek (SLO),0,0,0,0
Anders Jacobsen (NOR),0,0,0,0
Domen Prevc (SLO),0,0,0,0
Pius Paschke (GER),0,0,0,0
Lisa Eder (AUT),0,0,0,0
Daniela Iraschko (AUT),0,0,0,0
Lara Malsiner (ITA),0,0,0,0
Bigna Windmuller (UNK),0,0,0,0
Chiara Kreuzer (AUT),0,0,0,0
Marita Kramer (NET),0,0,0,0
Alexandria Loutitt (CAN),0,0,0,0
Anze Semenic (SLO),0,0,0,0
Nika Vodan (SLO),0,0,0,0
Taku Takeuchi (JPN),0,0,0,0
Sabrina Windmuller (SUI),0,0,0,0
Jan Ziobro (UNK),0,0,0,0
Ursa Bogataj (SLO),0,0,0,0
Nizni Tagil (UNK),0,0,0,0
Jessica Jerome (U.S),0,0,0,0
Gregor Schlierenzauer (AUT),0,0,0,0
Jaka Hvala (UNK),0,0,0,0
Lindsey Van (UNK),0,0,0,0
Katja Pozun (SLO),0,0,0,0
Philipp Raimund (GER),0,0,0,0
Maren Lundby (NOR),0,0,0,0
Robin Pedersen (NOR),0,0,0,0
Pawe Wasek (UNK),0,0,0,0
Daniel Huber (UNK),0,0,0,0
Daniel Andre Tande (NOR),0,0,0,0
Kamil Stoch (POL),0,0,0,0
Ziga Jelar (SLO),0,0,0,0
Jan Horl (UNK),0,0,0,0
Eirin Maria Kvandal (NOR),0,0,0,0
Josephine Pagnier (FRA),0,0,0,0
Zeng Ping (CHI),0,0,0,0
Jan Matura (UNK),0,0,0,0
Agnes Reisch (GER),0,0,0,0
Katharina Schmid (GER),0,0,0,0
Anders Fannemel (NOR),0,0,0,0
Michael Haybock (AUT),0,0,0,0
Maja Vtic (YUG),0,0,0,0
Thomas Diethart (AUT),0,0,0,0
Melanie Fait (UNK),0,0,0,0
Frida Westman (SWE),0,0,0,0
Karl Geiger (GER),0,0,0,0
Nozomi Marujama (UNK),0,0,0,0
Irina Avvakumova (USS),0,0,0,0
Ema Klinec (SLO),0,0,0,0
Jacqueline Seifriedsberger (AUT),0,0,0,0
Rjoju Kobajasi (UNK),0,0,0,0
Constantin Schmid (GER),0,0,0,0
Halvor Egner Granerud (NOR),0,0,0,0
Robert Johansson (NOR),0,0,0,0
Thomas Morgenstern (AUT),0,0,0,0
Daiki Ito (JPN),0,0,0,0
Julia Clair (FRA),0,0,0,0
Kenneth Gangnes (NOR),0,0,0,0
Aleksandra Kustova (RUS),0,0,0,0
Irina Avakumova (UNK),0,0,0,0
Krzysztof Biegun (POL),0,0,0,0
Jurij Tepes (YUG),0,0,0,0
Selina Freitag (GER),0,0,0,0
Peter Prevc (SLO),0,0,0,0
Andreas Kofler (AUT),0,0,0,0
Jevgenij Klimov (UNK),0,0,0,0
Marinus Kraus (GER),0,0,0,0
Heidi Dyhre Traaserud (NOR),0,0,0,0
Silje Opseth (NOR),0,0,0,0
Felix Hoffmann (GER),0,0,0,0
Anssi Koivuranta (FIN),0,0,0,0
Michael Neumayer (GER),0,0,0,0
Richard Freitag (GER),0,0,0,0
Evelyn Insam (ITA),0,0,0,0
Clemens Aigner (AUT),0,0,0,0
Naoki Nakamura (JPN),0,0,0,0
Manuela Malsiner (ITA),0,0,0,0
Katharina Althaus (GER),0,0,0,0
Tom Hilde (NOR),0,0,0,0
